-- phpMyAdmin SQL Dump
-- version 5.2.0
-- https://www.phpmyadmin.net/
--
-- Host: localhost
-- Generation Time: Dec 26, 2022 at 10:13 AM
-- Server version: 10.4.25-MariaDB
-- PHP Version: 8.1.10

SET SQL_MODE = "NO_AUTO_VALUE_ON_ZERO";
START TRANSACTION;
SET time_zone = "+00:00";


/*!40101 SET @OLD_CHARACTER_SET_CLIENT=@@CHARACTER_SET_CLIENT */;
/*!40101 SET @OLD_CHARACTER_SET_RESULTS=@@CHARACTER_SET_RESULTS */;
/*!40101 SET @OLD_COLLATION_CONNECTION=@@COLLATION_CONNECTION */;
/*!40101 SET NAMES utf8mb4 */;

--
-- Database: `propertymgmt`
--

DELIMITER $$
--
-- Procedures
--
CREATE DEFINER=`loay`@`%` PROCEDURE `InitBuildings` (`count` INT)   BEGIN
 DECLARE b_id INT;
  SET @b_id = 1;
  forloop: LOOP
	INSERT INTO buildings(`id`) VALUES (@b_id);
    SET @b_id = @b_id +1;
    IF @b_id > count THEN
     LEAVE forloop;
    END IF;
 END LOOP forloop;
SELECT * FROM buildings;
END$$

CREATE DEFINER=`loay`@`%` PROCEDURE `InitUnits` (`countForEachBuilding` INT)   BEGIN
	DECLARE length INT DEFAULT 0;
	DECLARE counter INT DEFAULT 0;
    

    DECLARE u_counter INT DEFAULT 0;
    SELECT COUNT(*) FROM buildings INTO length;
    SET counter = 0;
    
	WHILE counter < length DO
		SET @u_counter = 1;
        WHILE @u_counter <= countForEachBuilding DO
			INSERT INTO units (id,building_id) 
            VALUES (@u_counter ,(SELECT id FROM buildings LIMIT counter,1));
            SET @u_counter = @u_counter + 1;
		END WHILE;
        SET counter = counter + 1;
    END WHILE;
	SELECT * FROM units;
END$$

DELIMITER ;

-- --------------------------------------------------------

--
-- Table structure for table `buildings`
--

CREATE TABLE `buildings` (
  `id` int(11) NOT NULL
) ENGINE=InnoDB DEFAULT CHARSET=utf8mb4;

--
-- Dumping data for table `buildings`
--

INSERT INTO `buildings` (`id`) VALUES
(1),
(2),
(3),
(4),
(5),
(6),
(7),
(8),
(9),
(10),
(11),
(12),
(13),
(14),
(15),
(16),
(17),
(18),
(19),
(20),
(21),
(22),
(23),
(24),
(25),
(26),
(27),
(28),
(29),
(30),
(31),
(32),
(33),
(34),
(35),
(36),
(37),
(38),
(39),
(40);

-- --------------------------------------------------------

--
-- Table structure for table `news`
--

CREATE TABLE `news` (
  `id` int(11) NOT NULL,
  `title` text NOT NULL,
  `description` text NOT NULL,
  `image` text DEFAULT NULL,
  `priority` tinyint(1) NOT NULL DEFAULT 0,
  `priority_desc` varchar(45) NOT NULL,
  `date` timestamp NOT NULL DEFAULT current_timestamp() ON UPDATE current_timestamp()
) ENGINE=InnoDB DEFAULT CHARSET=utf8mb4;

-- --------------------------------------------------------

--
-- Table structure for table `ref_roles`
--

CREATE TABLE `ref_roles` (
  `id` int(11) NOT NULL,
  `role` varchar(45) NOT NULL
) ENGINE=InnoDB DEFAULT CHARSET=utf8mb4;

--
-- Dumping data for table `ref_roles`
--

INSERT INTO `ref_roles` (`id`, `role`) VALUES
(1001, 'Admin'),
(2001, 'User');

-- --------------------------------------------------------

--
-- Table structure for table `services`
--

CREATE TABLE `services` (
  `id` int(11) NOT NULL,
  `creator_uid` int(11) NOT NULL,
  `service_type` varchar(45) NOT NULL,
  `service_description` text NOT NULL,
  `phase` int(11) NOT NULL DEFAULT 0
) ENGINE=InnoDB DEFAULT CHARSET=utf8mb4;

--
-- Dumping data for table `services`
--

INSERT INTO `services` (`id`, `creator_uid`, `service_type`, `service_description`, `phase`) VALUES
(13, 23, 'elevator', 'I\'m stuck in the elevator', 0),
(14, 23, 'electricity', 'Recharge my card', 1),
(15, 23, 'cleaning', 'Clean the stairs', 2),
(16, 23, 'gardens', 'gfdgdf', 0),
(17, 23, 'electricity', 'test', 0),
(18, 23, 'elevator', 'jhjkhjkhjk', 0),
(19, 24, 'elevator', 'asdasdas', 0);

-- --------------------------------------------------------

--
-- Table structure for table `units`
--

CREATE TABLE `units` (
  `id` int(11) NOT NULL,
  `unit_id` int(11) NOT NULL,
  `building_id` int(11) NOT NULL,
  `owner_id` int(11) DEFAULT NULL
) ENGINE=InnoDB DEFAULT CHARSET=utf8mb4;

--
-- Dumping data for table `units`
--

INSERT INTO `units` (`id`, `unit_id`, `building_id`, `owner_id`) VALUES
(1, 1, 1, 24),
(2, 2, 1, NULL),
(3, 3, 1, NULL),
(4, 4, 1, NULL),
(5, 5, 1, NULL),
(6, 6, 1, NULL),
(7, 7, 1, NULL),
(8, 8, 1, NULL),
(9, 9, 1, NULL),
(10, 10, 1, NULL),
(11, 11, 1, NULL),
(12, 12, 1, NULL),
(13, 13, 1, NULL),
(14, 14, 1, NULL),
(15, 15, 1, NULL),
(16, 16, 1, NULL),
(17, 17, 1, NULL),
(18, 18, 1, NULL),
(19, 19, 1, NULL),
(20, 20, 1, NULL),
(21, 21, 1, NULL),
(22, 22, 1, NULL),
(23, 23, 1, NULL),
(24, 24, 1, NULL),
(25, 25, 1, NULL),
(26, 26, 1, NULL),
(27, 27, 1, NULL),
(28, 28, 1, NULL),
(29, 29, 1, NULL),
(30, 30, 1, NULL),
(31, 31, 1, NULL),
(32, 32, 1, NULL),
(33, 33, 1, NULL),
(34, 34, 1, NULL),
(35, 35, 1, NULL),
(36, 36, 1, NULL),
(37, 37, 1, NULL),
(38, 38, 1, NULL),
(39, 39, 1, NULL),
(40, 40, 1, NULL),
(41, 1, 2, NULL),
(42, 2, 2, NULL),
(43, 3, 2, NULL),
(44, 4, 2, NULL),
(45, 5, 2, NULL),
(46, 6, 2, NULL),
(47, 7, 2, NULL),
(48, 8, 2, NULL),
(49, 9, 2, NULL),
(50, 10, 2, NULL),
(51, 11, 2, NULL),
(52, 12, 2, NULL),
(53, 13, 2, NULL),
(54, 14, 2, NULL),
(55, 15, 2, NULL),
(56, 16, 2, NULL),
(57, 17, 2, NULL),
(58, 18, 2, NULL),
(59, 19, 2, NULL),
(60, 20, 2, NULL),
(61, 21, 2, NULL),
(62, 22, 2, NULL),
(63, 23, 2, NULL),
(64, 24, 2, NULL),
(65, 25, 2, NULL),
(66, 26, 2, NULL),
(67, 27, 2, NULL),
(68, 28, 2, NULL),
(69, 29, 2, NULL),
(70, 30, 2, NULL),
(71, 31, 2, NULL),
(72, 32, 2, NULL),
(73, 33, 2, NULL),
(74, 34, 2, NULL),
(75, 35, 2, NULL),
(76, 36, 2, NULL),
(77, 37, 2, NULL),
(78, 38, 2, NULL),
(79, 39, 2, NULL),
(80, 40, 2, NULL),
(81, 1, 3, NULL),
(82, 2, 3, NULL),
(83, 3, 3, NULL),
(84, 4, 3, NULL),
(85, 5, 3, NULL),
(86, 6, 3, NULL),
(87, 7, 3, NULL),
(88, 8, 3, NULL),
(89, 9, 3, NULL),
(90, 10, 3, NULL),
(91, 11, 3, NULL),
(92, 12, 3, NULL),
(93, 13, 3, NULL),
(94, 14, 3, NULL),
(95, 15, 3, NULL),
(96, 16, 3, NULL),
(97, 17, 3, NULL),
(98, 18, 3, NULL),
(99, 19, 3, NULL),
(100, 20, 3, NULL),
(101, 21, 3, NULL),
(102, 22, 3, NULL),
(103, 23, 3, NULL),
(104, 24, 3, NULL),
(105, 25, 3, NULL),
(106, 26, 3, NULL),
(107, 27, 3, NULL),
(108, 28, 3, NULL),
(109, 29, 3, NULL),
(110, 30, 3, NULL),
(111, 31, 3, NULL),
(112, 32, 3, NULL),
(113, 33, 3, NULL),
(114, 34, 3, NULL),
(115, 35, 3, NULL),
(116, 36, 3, NULL),
(117, 37, 3, NULL),
(118, 38, 3, NULL),
(119, 39, 3, NULL),
(120, 40, 3, NULL),
(121, 1, 4, NULL),
(122, 2, 4, NULL),
(123, 3, 4, NULL),
(124, 4, 4, NULL),
(125, 5, 4, NULL),
(126, 6, 4, NULL),
(127, 7, 4, NULL),
(128, 8, 4, NULL),
(129, 9, 4, NULL),
(130, 10, 4, NULL),
(131, 11, 4, NULL),
(132, 12, 4, NULL),
(133, 13, 4, NULL),
(134, 14, 4, NULL),
(135, 15, 4, NULL),
(136, 16, 4, NULL),
(137, 17, 4, NULL),
(138, 18, 4, NULL),
(139, 19, 4, NULL),
(140, 20, 4, NULL),
(141, 21, 4, NULL),
(142, 22, 4, NULL),
(143, 23, 4, NULL),
(144, 24, 4, NULL),
(145, 25, 4, NULL),
(146, 26, 4, NULL),
(147, 27, 4, NULL),
(148, 28, 4, NULL),
(149, 29, 4, NULL),
(150, 30, 4, NULL),
(151, 31, 4, NULL),
(152, 32, 4, NULL),
(153, 33, 4, NULL),
(154, 34, 4, NULL),
(155, 35, 4, NULL),
(156, 36, 4, NULL),
(157, 37, 4, NULL),
(158, 38, 4, NULL),
(159, 39, 4, NULL),
(160, 40, 4, NULL),
(161, 1, 5, NULL),
(162, 2, 5, NULL),
(163, 3, 5, NULL),
(164, 4, 5, NULL),
(165, 5, 5, NULL),
(166, 6, 5, NULL),
(167, 7, 5, NULL),
(168, 8, 5, NULL),
(169, 9, 5, NULL),
(170, 10, 5, NULL),
(171, 11, 5, NULL),
(172, 12, 5, NULL),
(173, 13, 5, NULL),
(174, 14, 5, NULL),
(175, 15, 5, NULL),
(176, 16, 5, NULL),
(177, 17, 5, NULL),
(178, 18, 5, NULL),
(179, 19, 5, NULL),
(180, 20, 5, NULL),
(181, 21, 5, NULL),
(182, 22, 5, NULL),
(183, 23, 5, NULL),
(184, 24, 5, NULL),
(185, 25, 5, NULL),
(186, 26, 5, NULL),
(187, 27, 5, NULL),
(188, 28, 5, NULL),
(189, 29, 5, NULL),
(190, 30, 5, NULL),
(191, 31, 5, NULL),
(192, 32, 5, NULL),
(193, 33, 5, NULL),
(194, 34, 5, NULL),
(195, 35, 5, NULL),
(196, 36, 5, NULL),
(197, 37, 5, NULL),
(198, 38, 5, NULL),
(199, 39, 5, NULL),
(200, 40, 5, NULL),
(201, 1, 6, NULL),
(202, 2, 6, NULL),
(203, 3, 6, NULL),
(204, 4, 6, NULL),
(205, 5, 6, NULL),
(206, 6, 6, NULL),
(207, 7, 6, NULL),
(208, 8, 6, NULL),
(209, 9, 6, NULL),
(210, 10, 6, NULL),
(211, 11, 6, NULL),
(212, 12, 6, NULL),
(213, 13, 6, NULL),
(214, 14, 6, NULL),
(215, 15, 6, NULL),
(216, 16, 6, NULL),
(217, 17, 6, NULL),
(218, 18, 6, NULL),
(219, 19, 6, NULL),
(220, 20, 6, NULL),
(221, 21, 6, NULL),
(222, 22, 6, NULL),
(223, 23, 6, NULL),
(224, 24, 6, NULL),
(225, 25, 6, NULL),
(226, 26, 6, NULL),
(227, 27, 6, NULL),
(228, 28, 6, NULL),
(229, 29, 6, NULL),
(230, 30, 6, NULL),
(231, 31, 6, NULL),
(232, 32, 6, NULL),
(233, 33, 6, NULL),
(234, 34, 6, NULL),
(235, 35, 6, NULL),
(236, 36, 6, NULL),
(237, 37, 6, NULL),
(238, 38, 6, NULL),
(239, 39, 6, NULL),
(240, 40, 6, NULL),
(241, 1, 7, NULL),
(242, 2, 7, NULL),
(243, 3, 7, NULL),
(244, 4, 7, NULL),
(245, 5, 7, NULL),
(246, 6, 7, NULL),
(247, 7, 7, NULL),
(248, 8, 7, NULL),
(249, 9, 7, NULL),
(250, 10, 7, NULL),
(251, 11, 7, NULL),
(252, 12, 7, NULL),
(253, 13, 7, NULL),
(254, 14, 7, NULL),
(255, 15, 7, NULL),
(256, 16, 7, NULL),
(257, 17, 7, NULL),
(258, 18, 7, NULL),
(259, 19, 7, NULL),
(260, 20, 7, NULL),
(261, 21, 7, NULL),
(262, 22, 7, NULL),
(263, 23, 7, NULL),
(264, 24, 7, NULL),
(265, 25, 7, NULL),
(266, 26, 7, NULL),
(267, 27, 7, NULL),
(268, 28, 7, NULL),
(269, 29, 7, NULL),
(270, 30, 7, NULL),
(271, 31, 7, NULL),
(272, 32, 7, NULL),
(273, 33, 7, NULL),
(274, 34, 7, NULL),
(275, 35, 7, NULL),
(276, 36, 7, NULL),
(277, 37, 7, NULL),
(278, 38, 7, NULL),
(279, 39, 7, NULL),
(280, 40, 7, NULL),
(281, 1, 8, NULL),
(282, 2, 8, NULL),
(283, 3, 8, NULL),
(284, 4, 8, NULL),
(285, 5, 8, NULL),
(286, 6, 8, NULL),
(287, 7, 8, NULL),
(288, 8, 8, NULL),
(289, 9, 8, NULL),
(290, 10, 8, NULL),
(291, 11, 8, NULL),
(292, 12, 8, NULL),
(293, 13, 8, NULL),
(294, 14, 8, NULL),
(295, 15, 8, NULL),
(296, 16, 8, NULL),
(297, 17, 8, NULL),
(298, 18, 8, NULL),
(299, 19, 8, NULL),
(300, 20, 8, NULL),
(301, 21, 8, NULL),
(302, 22, 8, NULL),
(303, 23, 8, NULL),
(304, 24, 8, NULL),
(305, 25, 8, NULL),
(306, 26, 8, NULL),
(307, 27, 8, NULL),
(308, 28, 8, NULL),
(309, 29, 8, NULL),
(310, 30, 8, NULL),
(311, 31, 8, NULL),
(312, 32, 8, NULL),
(313, 33, 8, NULL),
(314, 34, 8, NULL),
(315, 35, 8, NULL),
(316, 36, 8, NULL),
(317, 37, 8, NULL),
(318, 38, 8, NULL),
(319, 39, 8, NULL),
(320, 40, 8, NULL),
(321, 1, 9, NULL),
(322, 2, 9, NULL),
(323, 3, 9, NULL),
(324, 4, 9, NULL),
(325, 5, 9, NULL),
(326, 6, 9, NULL),
(327, 7, 9, NULL),
(328, 8, 9, NULL),
(329, 9, 9, NULL),
(330, 10, 9, NULL),
(331, 11, 9, NULL),
(332, 12, 9, NULL),
(333, 13, 9, NULL),
(334, 14, 9, NULL),
(335, 15, 9, NULL),
(336, 16, 9, NULL),
(337, 17, 9, NULL),
(338, 18, 9, NULL),
(339, 19, 9, NULL),
(340, 20, 9, NULL),
(341, 21, 9, NULL),
(342, 22, 9, NULL),
(343, 23, 9, NULL),
(344, 24, 9, NULL),
(345, 25, 9, NULL),
(346, 26, 9, NULL),
(347, 27, 9, NULL),
(348, 28, 9, NULL),
(349, 29, 9, NULL),
(350, 30, 9, NULL),
(351, 31, 9, NULL),
(352, 32, 9, NULL),
(353, 33, 9, NULL),
(354, 34, 9, NULL),
(355, 35, 9, NULL),
(356, 36, 9, NULL),
(357, 37, 9, NULL),
(358, 38, 9, NULL),
(359, 39, 9, NULL),
(360, 40, 9, NULL),
(361, 1, 10, NULL),
(362, 2, 10, NULL),
(363, 3, 10, NULL),
(364, 4, 10, NULL),
(365, 5, 10, NULL),
(366, 6, 10, NULL),
(367, 7, 10, NULL),
(368, 8, 10, NULL),
(369, 9, 10, NULL),
(370, 10, 10, NULL),
(371, 11, 10, NULL),
(372, 12, 10, NULL),
(373, 13, 10, NULL),
(374, 14, 10, NULL),
(375, 15, 10, NULL),
(376, 16, 10, NULL),
(377, 17, 10, NULL),
(378, 18, 10, NULL),
(379, 19, 10, NULL),
(380, 20, 10, NULL),
(381, 21, 10, NULL),
(382, 22, 10, NULL),
(383, 23, 10, NULL),
(384, 24, 10, NULL),
(385, 25, 10, NULL),
(386, 26, 10, NULL),
(387, 27, 10, NULL),
(388, 28, 10, NULL),
(389, 29, 10, NULL),
(390, 30, 10, NULL),
(391, 31, 10, NULL),
(392, 32, 10, NULL),
(393, 33, 10, NULL),
(394, 34, 10, NULL),
(395, 35, 10, NULL),
(396, 36, 10, NULL),
(397, 37, 10, NULL),
(398, 38, 10, NULL),
(399, 39, 10, NULL),
(400, 40, 10, NULL),
(401, 1, 11, NULL),
(402, 2, 11, NULL),
(403, 3, 11, NULL),
(404, 4, 11, NULL),
(405, 5, 11, NULL),
(406, 6, 11, NULL),
(407, 7, 11, NULL),
(408, 8, 11, NULL),
(409, 9, 11, NULL),
(410, 10, 11, NULL),
(411, 11, 11, NULL),
(412, 12, 11, NULL),
(413, 13, 11, NULL),
(414, 14, 11, NULL),
(415, 15, 11, NULL),
(416, 16, 11, NULL),
(417, 17, 11, NULL),
(418, 18, 11, NULL),
(419, 19, 11, NULL),
(420, 20, 11, NULL),
(421, 21, 11, NULL),
(422, 22, 11, NULL),
(423, 23, 11, NULL),
(424, 24, 11, NULL),
(425, 25, 11, NULL),
(426, 26, 11, NULL),
(427, 27, 11, NULL),
(428, 28, 11, NULL),
(429, 29, 11, NULL),
(430, 30, 11, NULL),
(431, 31, 11, NULL),
(432, 32, 11, NULL),
(433, 33, 11, NULL),
(434, 34, 11, NULL),
(435, 35, 11, NULL),
(436, 36, 11, NULL),
(437, 37, 11, NULL),
(438, 38, 11, NULL),
(439, 39, 11, NULL),
(440, 40, 11, NULL),
(441, 1, 12, NULL),
(442, 2, 12, NULL),
(443, 3, 12, NULL),
(444, 4, 12, NULL),
(445, 5, 12, NULL),
(446, 6, 12, NULL),
(447, 7, 12, NULL),
(448, 8, 12, NULL),
(449, 9, 12, NULL),
(450, 10, 12, NULL),
(451, 11, 12, NULL),
(452, 12, 12, NULL),
(453, 13, 12, NULL),
(454, 14, 12, NULL),
(455, 15, 12, NULL),
(456, 16, 12, NULL),
(457, 17, 12, NULL),
(458, 18, 12, NULL),
(459, 19, 12, NULL),
(460, 20, 12, NULL),
(461, 21, 12, NULL),
(462, 22, 12, NULL),
(463, 23, 12, NULL),
(464, 24, 12, NULL),
(465, 25, 12, NULL),
(466, 26, 12, NULL),
(467, 27, 12, NULL),
(468, 28, 12, NULL),
(469, 29, 12, NULL),
(470, 30, 12, NULL),
(471, 31, 12, NULL),
(472, 32, 12, NULL),
(473, 33, 12, NULL),
(474, 34, 12, NULL),
(475, 35, 12, NULL),
(476, 36, 12, NULL),
(477, 37, 12, NULL),
(478, 38, 12, NULL),
(479, 39, 12, NULL),
(480, 40, 12, NULL),
(481, 1, 13, NULL),
(482, 2, 13, NULL),
(483, 3, 13, NULL),
(484, 4, 13, NULL),
(485, 5, 13, NULL),
(486, 6, 13, NULL),
(487, 7, 13, NULL),
(488, 8, 13, NULL),
(489, 9, 13, NULL),
(490, 10, 13, NULL),
(491, 11, 13, NULL),
(492, 12, 13, NULL),
(493, 13, 13, NULL),
(494, 14, 13, NULL),
(495, 15, 13, NULL),
(496, 16, 13, NULL),
(497, 17, 13, NULL),
(498, 18, 13, NULL),
(499, 19, 13, NULL),
(500, 20, 13, NULL),
(501, 21, 13, NULL),
(502, 22, 13, NULL),
(503, 23, 13, NULL),
(504, 24, 13, NULL),
(505, 25, 13, NULL),
(506, 26, 13, NULL),
(507, 27, 13, NULL),
(508, 28, 13, NULL),
(509, 29, 13, NULL),
(510, 30, 13, NULL),
(511, 31, 13, NULL),
(512, 32, 13, NULL),
(513, 33, 13, NULL),
(514, 34, 13, NULL),
(515, 35, 13, NULL),
(516, 36, 13, NULL),
(517, 37, 13, NULL),
(518, 38, 13, NULL),
(519, 39, 13, NULL),
(520, 40, 13, NULL),
(521, 1, 14, NULL),
(522, 2, 14, NULL),
(523, 3, 14, NULL),
(524, 4, 14, NULL),
(525, 5, 14, NULL),
(526, 6, 14, NULL),
(527, 7, 14, NULL),
(528, 8, 14, NULL),
(529, 9, 14, NULL),
(530, 10, 14, NULL),
(531, 11, 14, NULL),
(532, 12, 14, NULL),
(533, 13, 14, NULL),
(534, 14, 14, NULL),
(535, 15, 14, NULL),
(536, 16, 14, NULL),
(537, 17, 14, NULL),
(538, 18, 14, NULL),
(539, 19, 14, NULL),
(540, 20, 14, NULL),
(541, 21, 14, NULL),
(542, 22, 14, NULL),
(543, 23, 14, NULL),
(544, 24, 14, NULL),
(545, 25, 14, NULL),
(546, 26, 14, NULL),
(547, 27, 14, NULL),
(548, 28, 14, NULL),
(549, 29, 14, NULL),
(550, 30, 14, NULL),
(551, 31, 14, NULL),
(552, 32, 14, NULL),
(553, 33, 14, NULL),
(554, 34, 14, NULL),
(555, 35, 14, NULL),
(556, 36, 14, NULL),
(557, 37, 14, NULL),
(558, 38, 14, NULL),
(559, 39, 14, NULL),
(560, 40, 14, NULL),
(561, 1, 15, NULL),
(562, 2, 15, NULL),
(563, 3, 15, NULL),
(564, 4, 15, NULL),
(565, 5, 15, NULL),
(566, 6, 15, NULL),
(567, 7, 15, NULL),
(568, 8, 15, NULL),
(569, 9, 15, NULL),
(570, 10, 15, NULL),
(571, 11, 15, NULL),
(572, 12, 15, NULL),
(573, 13, 15, NULL),
(574, 14, 15, NULL),
(575, 15, 15, NULL),
(576, 16, 15, NULL),
(577, 17, 15, NULL),
(578, 18, 15, NULL),
(579, 19, 15, NULL),
(580, 20, 15, NULL),
(581, 21, 15, NULL),
(582, 22, 15, NULL),
(583, 23, 15, NULL),
(584, 24, 15, NULL),
(585, 25, 15, NULL),
(586, 26, 15, NULL),
(587, 27, 15, NULL),
(588, 28, 15, NULL),
(589, 29, 15, NULL),
(590, 30, 15, NULL),
(591, 31, 15, NULL),
(592, 32, 15, NULL),
(593, 33, 15, NULL),
(594, 34, 15, NULL),
(595, 35, 15, NULL),
(596, 36, 15, NULL),
(597, 37, 15, NULL),
(598, 38, 15, NULL),
(599, 39, 15, NULL),
(600, 40, 15, NULL),
(601, 1, 16, NULL),
(602, 2, 16, NULL),
(603, 3, 16, NULL),
(604, 4, 16, NULL),
(605, 5, 16, NULL),
(606, 6, 16, NULL),
(607, 7, 16, NULL),
(608, 8, 16, NULL),
(609, 9, 16, NULL),
(610, 10, 16, NULL),
(611, 11, 16, NULL),
(612, 12, 16, NULL),
(613, 13, 16, NULL),
(614, 14, 16, NULL),
(615, 15, 16, NULL),
(616, 16, 16, NULL),
(617, 17, 16, NULL),
(618, 18, 16, NULL),
(619, 19, 16, NULL),
(620, 20, 16, NULL),
(621, 21, 16, NULL),
(622, 22, 16, NULL),
(623, 23, 16, NULL),
(624, 24, 16, NULL),
(625, 25, 16, NULL),
(626, 26, 16, NULL),
(627, 27, 16, NULL),
(628, 28, 16, NULL),
(629, 29, 16, NULL),
(630, 30, 16, NULL),
(631, 31, 16, NULL),
(632, 32, 16, NULL),
(633, 33, 16, NULL),
(634, 34, 16, NULL),
(635, 35, 16, NULL),
(636, 36, 16, NULL),
(637, 37, 16, NULL),
(638, 38, 16, NULL),
(639, 39, 16, NULL),
(640, 40, 16, NULL),
(641, 1, 17, NULL),
(642, 2, 17, NULL),
(643, 3, 17, NULL),
(644, 4, 17, NULL),
(645, 5, 17, NULL),
(646, 6, 17, NULL),
(647, 7, 17, NULL),
(648, 8, 17, NULL),
(649, 9, 17, NULL),
(650, 10, 17, NULL),
(651, 11, 17, NULL),
(652, 12, 17, NULL),
(653, 13, 17, NULL),
(654, 14, 17, NULL),
(655, 15, 17, NULL),
(656, 16, 17, NULL),
(657, 17, 17, NULL),
(658, 18, 17, NULL),
(659, 19, 17, NULL),
(660, 20, 17, NULL),
(661, 21, 17, NULL),
(662, 22, 17, NULL),
(663, 23, 17, NULL),
(664, 24, 17, NULL),
(665, 25, 17, NULL),
(666, 26, 17, NULL),
(667, 27, 17, NULL),
(668, 28, 17, NULL),
(669, 29, 17, NULL),
(670, 30, 17, NULL),
(671, 31, 17, NULL),
(672, 32, 17, NULL),
(673, 33, 17, NULL),
(674, 34, 17, NULL),
(675, 35, 17, NULL),
(676, 36, 17, NULL),
(677, 37, 17, NULL),
(678, 38, 17, NULL),
(679, 39, 17, NULL),
(680, 40, 17, NULL),
(681, 1, 18, NULL),
(682, 2, 18, NULL),
(683, 3, 18, NULL),
(684, 4, 18, NULL),
(685, 5, 18, NULL),
(686, 6, 18, NULL),
(687, 7, 18, NULL),
(688, 8, 18, NULL),
(689, 9, 18, NULL),
(690, 10, 18, NULL),
(691, 11, 18, NULL),
(692, 12, 18, NULL),
(693, 13, 18, NULL),
(694, 14, 18, NULL),
(695, 15, 18, NULL),
(696, 16, 18, NULL),
(697, 17, 18, NULL),
(698, 18, 18, NULL),
(699, 19, 18, NULL),
(700, 20, 18, NULL),
(701, 21, 18, NULL),
(702, 22, 18, NULL),
(703, 23, 18, NULL),
(704, 24, 18, NULL),
(705, 25, 18, NULL),
(706, 26, 18, NULL),
(707, 27, 18, NULL),
(708, 28, 18, NULL),
(709, 29, 18, NULL),
(710, 30, 18, NULL),
(711, 31, 18, NULL),
(712, 32, 18, NULL),
(713, 33, 18, NULL),
(714, 34, 18, NULL),
(715, 35, 18, NULL),
(716, 36, 18, NULL),
(717, 37, 18, NULL),
(718, 38, 18, NULL),
(719, 39, 18, NULL),
(720, 40, 18, NULL),
(721, 1, 19, NULL),
(722, 2, 19, NULL),
(723, 3, 19, NULL),
(724, 4, 19, NULL),
(725, 5, 19, NULL),
(726, 6, 19, NULL),
(727, 7, 19, NULL),
(728, 8, 19, NULL),
(729, 9, 19, NULL),
(730, 10, 19, NULL),
(731, 11, 19, NULL),
(732, 12, 19, NULL),
(733, 13, 19, NULL),
(734, 14, 19, NULL),
(735, 15, 19, NULL),
(736, 16, 19, NULL),
(737, 17, 19, NULL),
(738, 18, 19, NULL),
(739, 19, 19, NULL),
(740, 20, 19, NULL),
(741, 21, 19, NULL),
(742, 22, 19, NULL),
(743, 23, 19, NULL),
(744, 24, 19, NULL),
(745, 25, 19, NULL),
(746, 26, 19, NULL),
(747, 27, 19, NULL),
(748, 28, 19, NULL),
(749, 29, 19, NULL),
(750, 30, 19, NULL),
(751, 31, 19, NULL),
(752, 32, 19, NULL),
(753, 33, 19, NULL),
(754, 34, 19, NULL),
(755, 35, 19, NULL),
(756, 36, 19, NULL),
(757, 37, 19, NULL),
(758, 38, 19, NULL),
(759, 39, 19, NULL),
(760, 40, 19, NULL),
(761, 1, 20, NULL),
(762, 2, 20, NULL),
(763, 3, 20, NULL),
(764, 4, 20, NULL),
(765, 5, 20, NULL),
(766, 6, 20, NULL),
(767, 7, 20, NULL),
(768, 8, 20, NULL),
(769, 9, 20, NULL),
(770, 10, 20, NULL),
(771, 11, 20, NULL),
(772, 12, 20, NULL),
(773, 13, 20, NULL),
(774, 14, 20, NULL),
(775, 15, 20, NULL),
(776, 16, 20, NULL),
(777, 17, 20, NULL),
(778, 18, 20, NULL),
(779, 19, 20, NULL),
(780, 20, 20, NULL),
(781, 21, 20, NULL),
(782, 22, 20, NULL),
(783, 23, 20, NULL),
(784, 24, 20, NULL),
(785, 25, 20, NULL),
(786, 26, 20, NULL),
(787, 27, 20, NULL),
(788, 28, 20, NULL),
(789, 29, 20, NULL),
(790, 30, 20, NULL),
(791, 31, 20, NULL),
(792, 32, 20, NULL),
(793, 33, 20, NULL),
(794, 34, 20, NULL),
(795, 35, 20, NULL),
(796, 36, 20, NULL),
(797, 37, 20, NULL),
(798, 38, 20, NULL),
(799, 39, 20, NULL),
(800, 40, 20, NULL),
(801, 1, 21, NULL),
(802, 2, 21, NULL),
(803, 3, 21, NULL),
(804, 4, 21, NULL),
(805, 5, 21, NULL),
(806, 6, 21, NULL),
(807, 7, 21, NULL),
(808, 8, 21, NULL),
(809, 9, 21, NULL),
(810, 10, 21, NULL),
(811, 11, 21, NULL),
(812, 12, 21, NULL),
(813, 13, 21, NULL),
(814, 14, 21, NULL),
(815, 15, 21, NULL),
(816, 16, 21, NULL),
(817, 17, 21, NULL),
(818, 18, 21, NULL),
(819, 19, 21, NULL),
(820, 20, 21, NULL),
(821, 21, 21, NULL),
(822, 22, 21, NULL),
(823, 23, 21, NULL),
(824, 24, 21, NULL),
(825, 25, 21, NULL),
(826, 26, 21, NULL),
(827, 27, 21, NULL),
(828, 28, 21, NULL),
(829, 29, 21, NULL),
(830, 30, 21, NULL),
(831, 31, 21, NULL),
(832, 32, 21, NULL),
(833, 33, 21, NULL),
(834, 34, 21, NULL),
(835, 35, 21, NULL),
(836, 36, 21, NULL),
(837, 37, 21, NULL),
(838, 38, 21, NULL),
(839, 39, 21, NULL),
(840, 40, 21, NULL),
(841, 1, 22, NULL),
(842, 2, 22, NULL),
(843, 3, 22, NULL),
(844, 4, 22, NULL),
(845, 5, 22, NULL),
(846, 6, 22, NULL),
(847, 7, 22, NULL),
(848, 8, 22, NULL),
(849, 9, 22, NULL),
(850, 10, 22, NULL),
(851, 11, 22, NULL),
(852, 12, 22, NULL),
(853, 13, 22, NULL),
(854, 14, 22, NULL),
(855, 15, 22, NULL),
(856, 16, 22, NULL),
(857, 17, 22, NULL),
(858, 18, 22, NULL),
(859, 19, 22, NULL),
(860, 20, 22, NULL),
(861, 21, 22, NULL),
(862, 22, 22, NULL),
(863, 23, 22, NULL),
(864, 24, 22, NULL),
(865, 25, 22, NULL),
(866, 26, 22, NULL),
(867, 27, 22, NULL),
(868, 28, 22, NULL),
(869, 29, 22, NULL),
(870, 30, 22, NULL),
(871, 31, 22, NULL),
(872, 32, 22, NULL),
(873, 33, 22, NULL),
(874, 34, 22, NULL),
(875, 35, 22, NULL),
(876, 36, 22, NULL),
(877, 37, 22, NULL),
(878, 38, 22, NULL),
(879, 39, 22, NULL),
(880, 40, 22, NULL),
(881, 1, 23, NULL),
(882, 2, 23, NULL),
(883, 3, 23, NULL),
(884, 4, 23, NULL),
(885, 5, 23, NULL),
(886, 6, 23, NULL),
(887, 7, 23, NULL),
(888, 8, 23, NULL),
(889, 9, 23, NULL),
(890, 10, 23, NULL),
(891, 11, 23, NULL),
(892, 12, 23, NULL),
(893, 13, 23, NULL),
(894, 14, 23, NULL),
(895, 15, 23, NULL),
(896, 16, 23, NULL),
(897, 17, 23, NULL),
(898, 18, 23, NULL),
(899, 19, 23, NULL),
(900, 20, 23, NULL),
(901, 21, 23, NULL),
(902, 22, 23, NULL),
(903, 23, 23, NULL),
(904, 24, 23, NULL),
(905, 25, 23, NULL),
(906, 26, 23, NULL),
(907, 27, 23, NULL),
(908, 28, 23, NULL),
(909, 29, 23, NULL),
(910, 30, 23, NULL),
(911, 31, 23, NULL),
(912, 32, 23, NULL),
(913, 33, 23, NULL),
(914, 34, 23, NULL),
(915, 35, 23, NULL),
(916, 36, 23, NULL),
(917, 37, 23, NULL),
(918, 38, 23, NULL),
(919, 39, 23, NULL),
(920, 40, 23, NULL),
(921, 1, 24, NULL),
(922, 2, 24, NULL),
(923, 3, 24, NULL),
(924, 4, 24, NULL),
(925, 5, 24, NULL),
(926, 6, 24, NULL),
(927, 7, 24, NULL),
(928, 8, 24, NULL),
(929, 9, 24, NULL),
(930, 10, 24, NULL),
(931, 11, 24, NULL),
(932, 12, 24, NULL),
(933, 13, 24, NULL),
(934, 14, 24, NULL),
(935, 15, 24, NULL),
(936, 16, 24, NULL),
(937, 17, 24, NULL),
(938, 18, 24, NULL),
(939, 19, 24, NULL),
(940, 20, 24, NULL),
(941, 21, 24, NULL),
(942, 22, 24, NULL),
(943, 23, 24, NULL),
(944, 24, 24, NULL),
(945, 25, 24, NULL),
(946, 26, 24, NULL),
(947, 27, 24, NULL),
(948, 28, 24, NULL),
(949, 29, 24, NULL),
(950, 30, 24, NULL),
(951, 31, 24, NULL),
(952, 32, 24, NULL),
(953, 33, 24, NULL),
(954, 34, 24, NULL),
(955, 35, 24, NULL),
(956, 36, 24, NULL),
(957, 37, 24, NULL),
(958, 38, 24, NULL),
(959, 39, 24, NULL),
(960, 40, 24, NULL),
(961, 1, 25, NULL),
(962, 2, 25, NULL),
(963, 3, 25, NULL),
(964, 4, 25, NULL),
(965, 5, 25, NULL),
(966, 6, 25, NULL),
(967, 7, 25, NULL),
(968, 8, 25, NULL),
(969, 9, 25, NULL),
(970, 10, 25, NULL),
(971, 11, 25, NULL),
(972, 12, 25, NULL),
(973, 13, 25, NULL),
(974, 14, 25, NULL),
(975, 15, 25, NULL),
(976, 16, 25, NULL),
(977, 17, 25, NULL),
(978, 18, 25, NULL),
(979, 19, 25, NULL),
(980, 20, 25, NULL),
(981, 21, 25, NULL),
(982, 22, 25, NULL),
(983, 23, 25, NULL),
(984, 24, 25, NULL),
(985, 25, 25, NULL),
(986, 26, 25, NULL),
(987, 27, 25, NULL),
(988, 28, 25, NULL),
(989, 29, 25, NULL),
(990, 30, 25, NULL),
(991, 31, 25, NULL),
(992, 32, 25, NULL),
(993, 33, 25, NULL),
(994, 34, 25, NULL),
(995, 35, 25, NULL),
(996, 36, 25, NULL),
(997, 37, 25, NULL),
(998, 38, 25, NULL),
(999, 39, 25, NULL),
(1000, 40, 25, NULL),
(1001, 1, 26, NULL),
(1002, 2, 26, NULL),
(1003, 3, 26, NULL),
(1004, 4, 26, NULL),
(1005, 5, 26, NULL),
(1006, 6, 26, NULL),
(1007, 7, 26, NULL),
(1008, 8, 26, NULL),
(1009, 9, 26, NULL),
(1010, 10, 26, NULL),
(1011, 11, 26, NULL),
(1012, 12, 26, NULL),
(1013, 13, 26, NULL),
(1014, 14, 26, NULL),
(1015, 15, 26, NULL),
(1016, 16, 26, NULL),
(1017, 17, 26, NULL),
(1018, 18, 26, NULL),
(1019, 19, 26, NULL),
(1020, 20, 26, NULL),
(1021, 21, 26, NULL),
(1022, 22, 26, NULL),
(1023, 23, 26, NULL),
(1024, 24, 26, NULL),
(1025, 25, 26, NULL),
(1026, 26, 26, NULL),
(1027, 27, 26, NULL),
(1028, 28, 26, NULL),
(1029, 29, 26, NULL),
(1030, 30, 26, NULL),
(1031, 31, 26, NULL),
(1032, 32, 26, NULL),
(1033, 33, 26, NULL),
(1034, 34, 26, NULL),
(1035, 35, 26, NULL),
(1036, 36, 26, NULL),
(1037, 37, 26, NULL),
(1038, 38, 26, NULL),
(1039, 39, 26, NULL),
(1040, 40, 26, NULL),
(1041, 1, 27, NULL),
(1042, 2, 27, NULL),
(1043, 3, 27, NULL),
(1044, 4, 27, NULL),
(1045, 5, 27, NULL),
(1046, 6, 27, NULL),
(1047, 7, 27, NULL),
(1048, 8, 27, NULL),
(1049, 9, 27, NULL),
(1050, 10, 27, NULL),
(1051, 11, 27, NULL),
(1052, 12, 27, NULL),
(1053, 13, 27, NULL),
(1054, 14, 27, NULL),
(1055, 15, 27, NULL),
(1056, 16, 27, NULL),
(1057, 17, 27, NULL),
(1058, 18, 27, NULL),
(1059, 19, 27, NULL),
(1060, 20, 27, NULL),
(1061, 21, 27, NULL),
(1062, 22, 27, NULL),
(1063, 23, 27, NULL),
(1064, 24, 27, NULL),
(1065, 25, 27, NULL),
(1066, 26, 27, NULL),
(1067, 27, 27, NULL),
(1068, 28, 27, NULL),
(1069, 29, 27, NULL),
(1070, 30, 27, NULL),
(1071, 31, 27, NULL),
(1072, 32, 27, NULL),
(1073, 33, 27, NULL),
(1074, 34, 27, NULL),
(1075, 35, 27, NULL),
(1076, 36, 27, NULL),
(1077, 37, 27, NULL),
(1078, 38, 27, NULL),
(1079, 39, 27, NULL),
(1080, 40, 27, NULL),
(1081, 1, 28, NULL),
(1082, 2, 28, NULL),
(1083, 3, 28, NULL),
(1084, 4, 28, NULL),
(1085, 5, 28, NULL),
(1086, 6, 28, NULL),
(1087, 7, 28, NULL),
(1088, 8, 28, NULL),
(1089, 9, 28, NULL),
(1090, 10, 28, NULL),
(1091, 11, 28, NULL),
(1092, 12, 28, NULL),
(1093, 13, 28, NULL),
(1094, 14, 28, NULL),
(1095, 15, 28, NULL),
(1096, 16, 28, NULL),
(1097, 17, 28, NULL),
(1098, 18, 28, NULL),
(1099, 19, 28, NULL),
(1100, 20, 28, NULL),
(1101, 21, 28, NULL),
(1102, 22, 28, NULL),
(1103, 23, 28, NULL),
(1104, 24, 28, NULL),
(1105, 25, 28, NULL),
(1106, 26, 28, NULL),
(1107, 27, 28, NULL),
(1108, 28, 28, NULL),
(1109, 29, 28, NULL),
(1110, 30, 28, NULL),
(1111, 31, 28, NULL),
(1112, 32, 28, NULL),
(1113, 33, 28, NULL),
(1114, 34, 28, NULL),
(1115, 35, 28, NULL),
(1116, 36, 28, NULL),
(1117, 37, 28, NULL),
(1118, 38, 28, NULL),
(1119, 39, 28, NULL),
(1120, 40, 28, NULL),
(1121, 1, 29, NULL),
(1122, 2, 29, NULL),
(1123, 3, 29, NULL),
(1124, 4, 29, NULL),
(1125, 5, 29, NULL),
(1126, 6, 29, NULL),
(1127, 7, 29, NULL),
(1128, 8, 29, NULL),
(1129, 9, 29, NULL),
(1130, 10, 29, NULL),
(1131, 11, 29, NULL),
(1132, 12, 29, NULL),
(1133, 13, 29, NULL),
(1134, 14, 29, NULL),
(1135, 15, 29, NULL),
(1136, 16, 29, NULL),
(1137, 17, 29, NULL),
(1138, 18, 29, NULL),
(1139, 19, 29, NULL),
(1140, 20, 29, NULL),
(1141, 21, 29, NULL),
(1142, 22, 29, NULL),
(1143, 23, 29, NULL),
(1144, 24, 29, NULL),
(1145, 25, 29, NULL),
(1146, 26, 29, NULL),
(1147, 27, 29, NULL),
(1148, 28, 29, NULL),
(1149, 29, 29, NULL),
(1150, 30, 29, NULL),
(1151, 31, 29, NULL),
(1152, 32, 29, NULL),
(1153, 33, 29, NULL),
(1154, 34, 29, NULL),
(1155, 35, 29, NULL),
(1156, 36, 29, NULL),
(1157, 37, 29, NULL),
(1158, 38, 29, NULL),
(1159, 39, 29, NULL),
(1160, 40, 29, NULL),
(1161, 1, 30, NULL),
(1162, 2, 30, NULL),
(1163, 3, 30, NULL),
(1164, 4, 30, NULL),
(1165, 5, 30, NULL),
(1166, 6, 30, NULL),
(1167, 7, 30, NULL),
(1168, 8, 30, NULL),
(1169, 9, 30, NULL),
(1170, 10, 30, NULL),
(1171, 11, 30, NULL),
(1172, 12, 30, NULL),
(1173, 13, 30, NULL),
(1174, 14, 30, NULL),
(1175, 15, 30, NULL),
(1176, 16, 30, NULL),
(1177, 17, 30, NULL),
(1178, 18, 30, NULL),
(1179, 19, 30, NULL),
(1180, 20, 30, NULL),
(1181, 21, 30, NULL),
(1182, 22, 30, NULL),
(1183, 23, 30, NULL),
(1184, 24, 30, NULL),
(1185, 25, 30, NULL),
(1186, 26, 30, NULL),
(1187, 27, 30, NULL),
(1188, 28, 30, NULL),
(1189, 29, 30, NULL),
(1190, 30, 30, NULL),
(1191, 31, 30, NULL),
(1192, 32, 30, NULL),
(1193, 33, 30, NULL),
(1194, 34, 30, NULL),
(1195, 35, 30, NULL),
(1196, 36, 30, NULL),
(1197, 37, 30, NULL),
(1198, 38, 30, NULL),
(1199, 39, 30, NULL),
(1200, 40, 30, NULL),
(1201, 1, 31, NULL),
(1202, 2, 31, NULL),
(1203, 3, 31, NULL),
(1204, 4, 31, NULL),
(1205, 5, 31, NULL),
(1206, 6, 31, NULL),
(1207, 7, 31, NULL),
(1208, 8, 31, NULL),
(1209, 9, 31, NULL),
(1210, 10, 31, NULL),
(1211, 11, 31, NULL),
(1212, 12, 31, NULL),
(1213, 13, 31, NULL),
(1214, 14, 31, NULL),
(1215, 15, 31, NULL),
(1216, 16, 31, NULL),
(1217, 17, 31, NULL),
(1218, 18, 31, NULL),
(1219, 19, 31, NULL),
(1220, 20, 31, NULL),
(1221, 21, 31, NULL),
(1222, 22, 31, NULL),
(1223, 23, 31, NULL),
(1224, 24, 31, NULL),
(1225, 25, 31, NULL),
(1226, 26, 31, NULL),
(1227, 27, 31, NULL),
(1228, 28, 31, NULL),
(1229, 29, 31, NULL),
(1230, 30, 31, NULL),
(1231, 31, 31, NULL),
(1232, 32, 31, NULL),
(1233, 33, 31, NULL),
(1234, 34, 31, NULL),
(1235, 35, 31, NULL),
(1236, 36, 31, NULL),
(1237, 37, 31, NULL),
(1238, 38, 31, NULL),
(1239, 39, 31, NULL),
(1240, 40, 31, NULL),
(1241, 1, 32, NULL),
(1242, 2, 32, NULL),
(1243, 3, 32, NULL),
(1244, 4, 32, NULL),
(1245, 5, 32, NULL),
(1246, 6, 32, NULL),
(1247, 7, 32, NULL),
(1248, 8, 32, NULL),
(1249, 9, 32, NULL),
(1250, 10, 32, NULL),
(1251, 11, 32, NULL),
(1252, 12, 32, NULL),
(1253, 13, 32, NULL),
(1254, 14, 32, NULL),
(1255, 15, 32, NULL),
(1256, 16, 32, NULL),
(1257, 17, 32, NULL),
(1258, 18, 32, NULL),
(1259, 19, 32, NULL),
(1260, 20, 32, NULL),
(1261, 21, 32, NULL),
(1262, 22, 32, NULL),
(1263, 23, 32, NULL),
(1264, 24, 32, NULL),
(1265, 25, 32, NULL),
(1266, 26, 32, NULL),
(1267, 27, 32, NULL),
(1268, 28, 32, NULL),
(1269, 29, 32, NULL),
(1270, 30, 32, NULL),
(1271, 31, 32, NULL),
(1272, 32, 32, NULL),
(1273, 33, 32, NULL),
(1274, 34, 32, NULL),
(1275, 35, 32, NULL),
(1276, 36, 32, NULL),
(1277, 37, 32, NULL),
(1278, 38, 32, NULL),
(1279, 39, 32, NULL),
(1280, 40, 32, NULL),
(1281, 1, 33, NULL),
(1282, 2, 33, NULL),
(1283, 3, 33, NULL),
(1284, 4, 33, NULL),
(1285, 5, 33, NULL),
(1286, 6, 33, NULL),
(1287, 7, 33, NULL),
(1288, 8, 33, NULL),
(1289, 9, 33, NULL),
(1290, 10, 33, NULL),
(1291, 11, 33, NULL),
(1292, 12, 33, NULL),
(1293, 13, 33, NULL),
(1294, 14, 33, NULL),
(1295, 15, 33, NULL),
(1296, 16, 33, NULL),
(1297, 17, 33, NULL),
(1298, 18, 33, NULL),
(1299, 19, 33, NULL),
(1300, 20, 33, NULL),
(1301, 21, 33, NULL),
(1302, 22, 33, NULL),
(1303, 23, 33, NULL),
(1304, 24, 33, NULL),
(1305, 25, 33, NULL),
(1306, 26, 33, NULL),
(1307, 27, 33, NULL),
(1308, 28, 33, NULL),
(1309, 29, 33, NULL),
(1310, 30, 33, NULL),
(1311, 31, 33, NULL),
(1312, 32, 33, NULL),
(1313, 33, 33, NULL),
(1314, 34, 33, NULL),
(1315, 35, 33, NULL),
(1316, 36, 33, NULL),
(1317, 37, 33, NULL),
(1318, 38, 33, NULL),
(1319, 39, 33, NULL),
(1320, 40, 33, NULL),
(1321, 1, 34, NULL),
(1322, 2, 34, NULL),
(1323, 3, 34, NULL),
(1324, 4, 34, NULL),
(1325, 5, 34, NULL),
(1326, 6, 34, NULL),
(1327, 7, 34, NULL),
(1328, 8, 34, NULL),
(1329, 9, 34, NULL),
(1330, 10, 34, NULL),
(1331, 11, 34, NULL),
(1332, 12, 34, NULL),
(1333, 13, 34, NULL),
(1334, 14, 34, NULL),
(1335, 15, 34, NULL),
(1336, 16, 34, NULL),
(1337, 17, 34, NULL),
(1338, 18, 34, NULL),
(1339, 19, 34, NULL),
(1340, 20, 34, NULL),
(1341, 21, 34, NULL),
(1342, 22, 34, NULL),
(1343, 23, 34, NULL),
(1344, 24, 34, NULL),
(1345, 25, 34, NULL),
(1346, 26, 34, NULL),
(1347, 27, 34, NULL),
(1348, 28, 34, NULL),
(1349, 29, 34, NULL),
(1350, 30, 34, NULL),
(1351, 31, 34, NULL),
(1352, 32, 34, NULL),
(1353, 33, 34, NULL),
(1354, 34, 34, NULL),
(1355, 35, 34, NULL),
(1356, 36, 34, NULL),
(1357, 37, 34, NULL),
(1358, 38, 34, NULL),
(1359, 39, 34, NULL),
(1360, 40, 34, NULL),
(1361, 1, 35, NULL),
(1362, 2, 35, NULL),
(1363, 3, 35, NULL),
(1364, 4, 35, NULL),
(1365, 5, 35, NULL),
(1366, 6, 35, NULL),
(1367, 7, 35, NULL),
(1368, 8, 35, NULL),
(1369, 9, 35, NULL),
(1370, 10, 35, NULL),
(1371, 11, 35, NULL),
(1372, 12, 35, NULL),
(1373, 13, 35, NULL),
(1374, 14, 35, NULL),
(1375, 15, 35, NULL),
(1376, 16, 35, NULL),
(1377, 17, 35, NULL),
(1378, 18, 35, NULL),
(1379, 19, 35, NULL),
(1380, 20, 35, NULL),
(1381, 21, 35, NULL),
(1382, 22, 35, NULL),
(1383, 23, 35, NULL),
(1384, 24, 35, NULL),
(1385, 25, 35, NULL),
(1386, 26, 35, NULL),
(1387, 27, 35, NULL),
(1388, 28, 35, NULL),
(1389, 29, 35, NULL),
(1390, 30, 35, NULL),
(1391, 31, 35, NULL),
(1392, 32, 35, NULL),
(1393, 33, 35, NULL),
(1394, 34, 35, NULL),
(1395, 35, 35, NULL),
(1396, 36, 35, NULL),
(1397, 37, 35, NULL),
(1398, 38, 35, NULL),
(1399, 39, 35, NULL),
(1400, 40, 35, NULL),
(1401, 1, 36, NULL),
(1402, 2, 36, NULL),
(1403, 3, 36, NULL),
(1404, 4, 36, NULL),
(1405, 5, 36, NULL),
(1406, 6, 36, NULL),
(1407, 7, 36, NULL),
(1408, 8, 36, NULL),
(1409, 9, 36, NULL),
(1410, 10, 36, NULL),
(1411, 11, 36, NULL),
(1412, 12, 36, NULL),
(1413, 13, 36, NULL),
(1414, 14, 36, NULL),
(1415, 15, 36, NULL),
(1416, 16, 36, NULL),
(1417, 17, 36, NULL),
(1418, 18, 36, NULL),
(1419, 19, 36, NULL),
(1420, 20, 36, NULL),
(1421, 21, 36, NULL),
(1422, 22, 36, NULL),
(1423, 23, 36, NULL),
(1424, 24, 36, NULL),
(1425, 25, 36, NULL),
(1426, 26, 36, NULL),
(1427, 27, 36, NULL),
(1428, 28, 36, NULL),
(1429, 29, 36, NULL),
(1430, 30, 36, NULL),
(1431, 31, 36, NULL),
(1432, 32, 36, NULL),
(1433, 33, 36, NULL),
(1434, 34, 36, NULL),
(1435, 35, 36, NULL),
(1436, 36, 36, NULL),
(1437, 37, 36, NULL),
(1438, 38, 36, NULL),
(1439, 39, 36, NULL),
(1440, 40, 36, NULL),
(1441, 1, 37, NULL),
(1442, 2, 37, NULL),
(1443, 3, 37, NULL),
(1444, 4, 37, NULL),
(1445, 5, 37, NULL),
(1446, 6, 37, NULL),
(1447, 7, 37, NULL),
(1448, 8, 37, NULL),
(1449, 9, 37, NULL),
(1450, 10, 37, NULL),
(1451, 11, 37, NULL),
(1452, 12, 37, NULL),
(1453, 13, 37, NULL),
(1454, 14, 37, NULL),
(1455, 15, 37, NULL),
(1456, 16, 37, NULL),
(1457, 17, 37, NULL),
(1458, 18, 37, NULL),
(1459, 19, 37, NULL),
(1460, 20, 37, NULL),
(1461, 21, 37, NULL),
(1462, 22, 37, NULL),
(1463, 23, 37, NULL),
(1464, 24, 37, NULL),
(1465, 25, 37, NULL),
(1466, 26, 37, NULL),
(1467, 27, 37, NULL),
(1468, 28, 37, NULL),
(1469, 29, 37, NULL),
(1470, 30, 37, NULL),
(1471, 31, 37, NULL),
(1472, 32, 37, NULL),
(1473, 33, 37, NULL),
(1474, 34, 37, NULL),
(1475, 35, 37, NULL),
(1476, 36, 37, NULL),
(1477, 37, 37, NULL),
(1478, 38, 37, NULL),
(1479, 39, 37, NULL),
(1480, 40, 37, NULL),
(1481, 1, 38, NULL),
(1482, 2, 38, NULL),
(1483, 3, 38, NULL),
(1484, 4, 38, NULL),
(1485, 5, 38, NULL),
(1486, 6, 38, NULL),
(1487, 7, 38, NULL),
(1488, 8, 38, NULL),
(1489, 9, 38, NULL),
(1490, 10, 38, NULL),
(1491, 11, 38, NULL),
(1492, 12, 38, NULL),
(1493, 13, 38, NULL),
(1494, 14, 38, NULL),
(1495, 15, 38, NULL),
(1496, 16, 38, NULL),
(1497, 17, 38, NULL),
(1498, 18, 38, NULL),
(1499, 19, 38, NULL),
(1500, 20, 38, NULL),
(1501, 21, 38, NULL),
(1502, 22, 38, NULL),
(1503, 23, 38, NULL),
(1504, 24, 38, NULL),
(1505, 25, 38, NULL),
(1506, 26, 38, NULL),
(1507, 27, 38, NULL),
(1508, 28, 38, NULL),
(1509, 29, 38, NULL),
(1510, 30, 38, NULL),
(1511, 31, 38, NULL),
(1512, 32, 38, NULL),
(1513, 33, 38, NULL),
(1514, 34, 38, NULL),
(1515, 35, 38, NULL),
(1516, 36, 38, NULL),
(1517, 37, 38, NULL),
(1518, 38, 38, NULL),
(1519, 39, 38, NULL),
(1520, 40, 38, NULL),
(1521, 1, 39, NULL),
(1522, 2, 39, NULL),
(1523, 3, 39, NULL),
(1524, 4, 39, NULL),
(1525, 5, 39, NULL),
(1526, 6, 39, NULL),
(1527, 7, 39, NULL),
(1528, 8, 39, NULL),
(1529, 9, 39, NULL),
(1530, 10, 39, NULL),
(1531, 11, 39, NULL),
(1532, 12, 39, NULL),
(1533, 13, 39, NULL),
(1534, 14, 39, NULL),
(1535, 15, 39, NULL),
(1536, 16, 39, NULL),
(1537, 17, 39, NULL),
(1538, 18, 39, NULL),
(1539, 19, 39, NULL),
(1540, 20, 39, NULL),
(1541, 21, 39, NULL),
(1542, 22, 39, NULL),
(1543, 23, 39, NULL),
(1544, 24, 39, NULL),
(1545, 25, 39, NULL),
(1546, 26, 39, NULL),
(1547, 27, 39, NULL),
(1548, 28, 39, NULL),
(1549, 29, 39, NULL),
(1550, 30, 39, NULL),
(1551, 31, 39, NULL),
(1552, 32, 39, NULL),
(1553, 33, 39, NULL),
(1554, 34, 39, NULL),
(1555, 35, 39, NULL),
(1556, 36, 39, NULL),
(1557, 37, 39, NULL),
(1558, 38, 39, NULL),
(1559, 39, 39, NULL),
(1560, 40, 39, NULL),
(1561, 1, 40, NULL),
(1562, 2, 40, NULL),
(1563, 3, 40, NULL),
(1564, 4, 40, NULL),
(1565, 5, 40, NULL),
(1566, 6, 40, NULL),
(1567, 7, 40, NULL),
(1568, 8, 40, NULL),
(1569, 9, 40, NULL),
(1570, 10, 40, NULL),
(1571, 11, 40, NULL),
(1572, 12, 40, NULL),
(1573, 13, 40, NULL),
(1574, 14, 40, NULL),
(1575, 15, 40, NULL),
(1576, 16, 40, NULL),
(1577, 17, 40, NULL),
(1578, 18, 40, NULL),
(1579, 19, 40, NULL),
(1580, 20, 40, NULL),
(1581, 21, 40, NULL),
(1582, 22, 40, NULL),
(1583, 23, 40, NULL),
(1584, 24, 40, NULL),
(1585, 25, 40, NULL),
(1586, 26, 40, NULL),
(1587, 27, 40, NULL),
(1588, 28, 40, NULL),
(1589, 29, 40, NULL),
(1590, 30, 40, NULL),
(1591, 31, 40, NULL),
(1592, 32, 40, NULL),
(1593, 33, 40, NULL),
(1594, 34, 40, NULL),
(1595, 35, 40, NULL),
(1596, 36, 40, NULL),
(1597, 37, 40, NULL),
(1598, 38, 40, NULL),
(1599, 39, 40, NULL),
(1600, 40, 40, NULL);

-- --------------------------------------------------------

--
-- Table structure for table `users`
--

CREATE TABLE `users` (
  `id` int(11) NOT NULL,
  `username` varchar(45) NOT NULL,
  `email` varchar(45) DEFAULT NULL,
  `phone` varchar(16) NOT NULL,
  `password` varchar(255) NOT NULL,
  `fullname` text NOT NULL,
  `refreshToken` varchar(255) DEFAULT NULL,
  `main_uid` int(11) DEFAULT NULL
) ENGINE=InnoDB DEFAULT CHARSET=utf8mb4;

--
-- Dumping data for table `users`
--

INSERT INTO `users` (`id`, `username`, `email`, `phone`, `password`, `fullname`, `refreshToken`, `main_uid`) VALUES
(24, 'loay', 'loaymelkholy@gmail.com', '234325345', '$2b$10$iOzZ4VCtN8PyLPVilV4zuuWtk.2x2m1Vdx0cA2JWCtsRSB/sjLg1S', 'Loay Elkholy', 'eyJhbGciOiJIUzI1NiIsInR5cCI6IkpXVCJ9.eyJ1c2VybmFtZSI6ImxvYXkiLCJpYXQiOjE2Njg3NzY0NzQsImV4cCI6MzMyMDQ3NzY0NzR9.cTxC-qKIDttu1dfhsdeJYlKwOZeFjwZPZgPWmozoxOI', NULL);

-- --------------------------------------------------------

--
-- Table structure for table `user_roles`
--

CREATE TABLE `user_roles` (
  `id` int(11) NOT NULL,
  `uid` int(11) NOT NULL,
  `role_id` int(11) NOT NULL
) ENGINE=InnoDB DEFAULT CHARSET=utf8mb4;

--
-- Dumping data for table `user_roles`
--

INSERT INTO `user_roles` (`id`, `uid`, `role_id`) VALUES
(6, 24, 1001),
(5, 24, 2001);

-- --------------------------------------------------------

--
-- Table structure for table `visitors`
--

CREATE TABLE `visitors` (
  `id` int(11) NOT NULL,
  `creator_uid` int(11) NOT NULL,
  `visitor_name` varchar(50) NOT NULL,
  `expires_in` timestamp NOT NULL DEFAULT current_timestamp() ON UPDATE current_timestamp(),
  `qrcode` varchar(255) NOT NULL
) ENGINE=InnoDB DEFAULT CHARSET=utf8mb4;

--
-- Indexes for dumped tables
--

--
-- Indexes for table `buildings`
--
ALTER TABLE `buildings`
  ADD PRIMARY KEY (`id`);

--
-- Indexes for table `news`
--
ALTER TABLE `news`
  ADD PRIMARY KEY (`id`);

--
-- Indexes for table `ref_roles`
--
ALTER TABLE `ref_roles`
  ADD UNIQUE KEY `id` (`id`);

--
-- Indexes for table `services`
--
ALTER TABLE `services`
  ADD PRIMARY KEY (`id`),
  ADD KEY `creator_uid` (`creator_uid`);

--
-- Indexes for table `units`
--
ALTER TABLE `units`
  ADD PRIMARY KEY (`id`),
  ADD KEY `building_id_idx` (`building_id`),
  ADD KEY `owner_id_user_id_idx` (`owner_id`);

--
-- Indexes for table `users`
--
ALTER TABLE `users`
  ADD PRIMARY KEY (`id`),
  ADD UNIQUE KEY `username` (`username`),
  ADD UNIQUE KEY `phone` (`phone`),
  ADD UNIQUE KEY `emal_unique` (`email`);

--
-- Indexes for table `user_roles`
--
ALTER TABLE `user_roles`
  ADD UNIQUE KEY `id` (`id`),
  ADD KEY `uid` (`uid`,`role_id`);

--
-- Indexes for table `visitors`
--
ALTER TABLE `visitors`
  ADD PRIMARY KEY (`id`),
  ADD KEY `creator_uid` (`creator_uid`),
  ADD KEY `idx_visitors_creator_uid` (`creator_uid`);

--
-- AUTO_INCREMENT for dumped tables
--

--
-- AUTO_INCREMENT for table `buildings`
--
ALTER TABLE `buildings`
  MODIFY `id` int(11) NOT NULL AUTO_INCREMENT, AUTO_INCREMENT=41;

--
-- AUTO_INCREMENT for table `news`
--
ALTER TABLE `news`
  MODIFY `id` int(11) NOT NULL AUTO_INCREMENT;

--
-- AUTO_INCREMENT for table `services`
--
ALTER TABLE `services`
  MODIFY `id` int(11) NOT NULL AUTO_INCREMENT, AUTO_INCREMENT=20;

--
-- AUTO_INCREMENT for table `units`
--
ALTER TABLE `units`
  MODIFY `id` int(11) NOT NULL AUTO_INCREMENT, AUTO_INCREMENT=1601;

--
-- AUTO_INCREMENT for table `users`
--
ALTER TABLE `users`
  MODIFY `id` int(11) NOT NULL AUTO_INCREMENT, AUTO_INCREMENT=26;

--
-- AUTO_INCREMENT for table `user_roles`
--
ALTER TABLE `user_roles`
  MODIFY `id` int(11) NOT NULL AUTO_INCREMENT, AUTO_INCREMENT=7;

--
-- AUTO_INCREMENT for table `visitors`
--
ALTER TABLE `visitors`
  MODIFY `id` int(11) NOT NULL AUTO_INCREMENT, AUTO_INCREMENT=44;

--
-- Constraints for dumped tables
--

--
-- Constraints for table `units`
--
ALTER TABLE `units`
  ADD CONSTRAINT `building_id` FOREIGN KEY (`building_id`) REFERENCES `buildings` (`id`) ON DELETE CASCADE ON UPDATE CASCADE,
  ADD CONSTRAINT `owner_id_user_id` FOREIGN KEY (`owner_id`) REFERENCES `users` (`ID`) ON DELETE SET NULL ON UPDATE CASCADE;

--
-- Constraints for table `user_roles`
--
ALTER TABLE `user_roles`
  ADD CONSTRAINT `user_roles_ibfk_1` FOREIGN KEY (`uid`) REFERENCES `users` (`id`) ON DELETE CASCADE ON UPDATE CASCADE;

--
-- Constraints for table `visitors`
--
ALTER TABLE `visitors`
  ADD CONSTRAINT `visitors_ibfk_1` FOREIGN KEY (`creator_uid`) REFERENCES `users` (`id`) ON DELETE CASCADE ON UPDATE CASCADE;
COMMIT;

/*!40101 SET CHARACTER_SET_CLIENT=@OLD_CHARACTER_SET_CLIENT */;
/*!40101 SET CHARACTER_SET_RESULTS=@OLD_CHARACTER_SET_RESULTS */;
/*!40101 SET COLLATION_CONNECTION=@OLD_COLLATION_CONNECTION */;
